orderDate,cost
2023-05-28 15:28:26,1101.7
2024-10-13 21:23:15,1472.21
2023-01-12 02:35:56,2658.01
2023-08-16 08:31:37,2479.99
2024-01-04 08:45:44,967.87
2024-09-11 08:13:27,1991.54
2023-09-12 01:48:31,4903.12
2024-06-20 13:04:31,4147.92
2023-06-22 20:01:19,4352.41
2023-12-07 04:59:54,3691.94
2024-04-13 11:52:33,3831.93
2024-02-25 10:48:21,3701.5
2024-08-24 02:02:24,4848.94
2023-07-01 08:09:35,946.4
2023-12-07 05:29:57,1125.23
2023-09-22 21:28:42,4060.01
2022-12-22 17:46:41,3030.64
2024-02-12 11:20:23,4309.75
2023-05-18 19:08:52,1518.35
2023-04-30 00:30:38,4917.47
2023-03-22 01:31:17,4369.57
2023-12-13 23:07:35,1181.23
2024-04-13 00:10:39,3653.75
2024-08-19 10:33:02,4395.15
2024-11-08 21:20:08,582.94
2023-03-27 18:11:39,2836.03
2024-06-05 11:18:31,4520.88
2023-11-15 21:26:01,3867.97
2023-08-29 20:48:28,2618.48
2024-06-17 13:44:55,4957.72
2023-06-19 07:06:29,878.25
2024-02-01 09:06:38,2515.22
2024-09-24 12:57:36,3781.7
2024-04-29 02:13:46,2452.78
2024-10-28 20:36:02,4620.59
2023-08-05 04:12:30,746.28
2024-02-08 09:07:59,1687.19
2023-10-20 11:05:46,432.74
2024-11-09 06:00:02,4152.45
2024-03-18 19:05:31,4988.91
2023-08-23 10:51:24,2191.31
2023-04-13 14:27:24,253.61
2023-12-16 23:51:54,3278.96
2024-08-29 23:05:15,342.7
2023-06-02 00:56:58,3769.98
2024-10-14 12:56:58,4719.97
2024-06-17 04:24:38,400.01
2023-07-12 12:02:36,3923.16
2023-10-11 05:21:59,3410.23
2024-08-25 22:43:05,4611.86
2024-04-06 18:05:21,2326.27
2024-07-21 12:14:14,1700.87
2024-05-24 04:22:54,4096.24
2023-08-25 03:36:35,502.86
2024-03-18 10:25:34,1455.08
2023-06-26 20:04:39,2692.07
2023-10-31 23:40:26,317.19
2024-07-31 23:31:30,4569.78
2024-07-05 14:09:41,4636.4
2024-07-09 19:22:09,2274.34
2023-08-08 12:05:54,1400.33
2024-03-29 07:10:44,2189.24
2024-08-02 16:52:23,1745.69
2023-10-27 03:50:50,4030.65
2024-06-05 13:41:44,1770.68
2023-09-13 15:38:00,4876.47
2024-09-04 13:47:17,1217.74
2023-03-19 14:36:33,2385.53
2023-11-03 00:09:21,4123.99
2024-05-13 01:48:13,110.71
2024-07-12 23:39:11,1897.98
2023-05-19 15:16:16,2731.36
2023-11-06 17:35:31,2970.68
2024-04-29 07:38:14,707.21
2023-02-27 03:26:45,4529.23
2024-09-01 02:45:29,1468.63
2023-03-08 22:25:37,2114.17
2024-01-01 03:42:03,644.97
2023-06-22 14:07:49,4332.4
2023-11-06 11:13:38,1455.54
2023-07-24 13:20:53,1856.05
2024-01-09 06:32:09,1995.34
2024-11-05 01:03:34,2977.82
2023-04-04 09:31:00,923.89
2023-11-29 15:42:01,4419.84
2023-11-17 15:39:45,1624.74
2023-08-17 02:46:19,3600.94
2024-08-04 13:36:38,3663.62
2024-08-01 22:30:09,1553.3
2023-07-07 14:15:59,4143.21
2024-10-10 09:03:34,4179.37
2023-05-26 22:22:29,1536.21
2024-08-22 04:20:10,4185.43
2023-09-13 08:37:34,528.25
2022-12-08 07:10:02,4715.86
2024-11-14 00:36:23,4439.87
2024-06-25 14:20:10,540.33
2023-09-17 01:59:46,163.84
2023-12-14 15:27:29,4273.72
2024-11-03 00:57:58,4155.3
2022-12-01 16:58:17,811.52
2024-10-13 22:04:54,3781.18
2023-10-12 14:49:27,3836.42
2024-09-11 04:12:52,1695.98
2023-02-28 09:43:05,2586.7
2023-07-31 11:47:53,4620.04
2023-10-15 13:27:06,4193.57
2024-04-26 20:31:15,2406.97
2024-02-25 04:52:08,209.89
2023-09-19 19:28:19,1075.07
2024-08-05 04:08:18,3310.86
2024-04-09 21:39:45,447.7
2023-08-14 09:53:39,2165.0
2024-09-08 07:26:29,463.6
2024-04-21 04:41:32,2539.56
2023-02-19 17:32:54,1972.17
2024-10-09 20:12:12,4577.78
2024-02-16 23:46:01,464.34
2024-02-19 21:37:53,3831.01
2024-09-09 06:34:54,4954.9
2024-02-29 03:30:53,3951.89
2023-11-27 09:49:23,4246.02
2024-10-10 01:56:00,1271.88
2023-08-16 00:13:56,2861.66
2023-05-26 03:50:02,4135.53
2023-10-11 00:16:52,3875.89
2023-02-25 07:03:35,3540.65
2024-07-30 10:35:55,320.41
2023-05-19 09:49:03,4014.37
2024-04-13 03:55:58,1121.18
2023-04-23 18:02:27,2862.85
2024-10-23 04:21:37,2126.82
2023-01-21 05:58:12,3363.84
2024-04-29 00:34:46,1294.09
2024-03-15 06:18:51,3817.56
2023-05-12 04:30:57,858.13
2024-02-16 01:23:57,4782.15
2023-11-27 06:37:19,502.42
2024-10-25 07:38:15,3481.25
2023-10-25 11:42:40,2101.37
2024-06-19 11:09:11,3824.11
2023-08-21 10:25:02,1139.83
2023-12-04 20:23:43,1679.04
2024-04-21 19:53:42,2487.14
2024-03-12 09:02:29,226.45
2023-09-14 14:13:08,2867.03
2024-01-29 09:01:26,4896.55
2023-06-06 17:47:48,4308.63
2023-02-08 21:20:58,573.05
2023-08-23 10:23:17,1761.28
2023-12-14 01:45:09,1566.64
2024-05-20 05:53:02,4372.78
2024-10-03 14:15:18,2539.95
2024-09-24 18:19:22,1525.61
2023-01-01 03:51:28,3217.95
2023-04-02 17:08:20,2285.69
2023-03-19 05:08:00,1121.71
2024-07-20 02:16:40,1655.19
2023-01-27 22:34:45,1900.3
2024-01-15 07:50:25,891.24
2024-02-29 10:20:16,4905.66
2024-05-07 22:12:41,4471.6
2024-03-20 09:33:49,3818.21
2024-09-25 04:09:23,827.9
2023-11-02 05:55:20,4208.84
2023-07-08 10:32:56,490.78
2022-12-09 23:22:39,3381.28
2024-01-29 22:31:57,875.24
2023-11-29 22:12:18,4640.01
2024-08-07 13:57:05,4345.52
2023-04-10 19:53:29,114.05
2023-08-01 14:09:17,1910.04
2024-06-05 22:51:42,877.72
2024-02-26 13:54:43,4349.0
2023-01-07 13:43:26,4922.64
2024-03-26 18:34:33,1281.16
2023-06-04 06:32:40,4630.91
2023-10-30 04:43:59,3881.77
2024-11-18 06:42:47,4447.12
2023-12-30 10:09:25,4171.47
2023-08-20 20:42:22,3735.95
2023-04-22 10:24:48,2886.36
2024-01-14 03:37:20,652.9
2023-01-24 18:19:21,1367.91
2023-09-06 03:05:09,2941.58
2023-02-02 03:12:18,2240.53
2023-07-30 13:44:05,1747.21
2024-01-23 04:27:11,2197.94
2024-05-23 02:29:02,845.63
2023-07-27 16:22:23,4811.66
2024-05-09 19:25:23,4079.11
2024-03-12 22:11:01,1118.08
2023-04-09 00:28:02,2123.73
2023-02-16 17:49:07,4854.52
2024-04-22 20:32:00,113.55
2023-12-19 16:57:33,831.87
2023-02-17 11:02:36,1498.77
2023-09-17 08:33:19,3915.94
2024-07-15 19:41:43,1624.44
2024-05-14 02:58:13,3797.44
2024-06-30 09:02:59,2185.75
2024-09-04 08:17:27,3142.43
2024-08-18 12:10:33,658.36
2024-09-17 08:49:18,3246.62
2024-11-10 14:27:06,3149.74
2023-09-15 15:13:43,4724.41
2023-01-15 13:37:12,3494.4
2023-06-20 08:46:53,4263.94
2023-12-04 08:47:32,1687.44
2024-07-22 17:35:44,3360.52
2024-10-03 22:49:19,538.46
2023-12-25 03:18:30,1248.62
2023-03-08 03:39:30,4610.48
2024-10-21 03:42:17,1050.01
2024-08-02 21:23:21,61.41
2024-01-06 21:57:49,879.21
2023-05-26 04:46:54,447.7
2023-10-26 01:14:09,2385.87
2023-12-15 12:36:12,1850.49
2023-03-04 06:07:32,874.71
2023-12-12 10:14:40,3858.22
2024-05-11 18:42:27,2174.65
2023-11-03 03:53:44,4775.83
2024-11-21 02:06:33,2039.3
2024-01-20 11:12:25,1455.95
2022-12-29 20:18:24,4772.52
2022-12-31 23:44:57,4507.59
2023-08-02 18:09:30,1772.1
2023-04-12 07:03:23,1132.24
2024-07-16 06:03:59,4499.15
2024-11-10 16:35:08,1487.12
2024-05-20 07:57:15,1437.8
2023-03-14 19:46:55,1637.11
2024-01-06 02:57:06,4378.48
2023-04-19 21:00:57,3544.96
2024-10-01 04:01:41,4097.97
2024-03-05 23:19:01,2310.64
2024-05-19 09:16:25,1405.56
2024-05-12 03:44:19,1394.61
2023-07-22 23:41:11,557.35
2023-09-23 01:47:14,4225.43
2023-06-17 01:27:02,353.02
2024-10-01 13:34:22,3289.96
2024-01-13 09:15:44,4294.96
2023-11-16 03:00:30,3585.72
2024-09-18 16:04:20,3617.62
2024-05-07 16:21:43,1337.54
2023-10-22 08:17:14,4359.04
2024-11-14 21:21:07,3649.32
2023-02-14 12:30:09,2909.5
2023-03-10 18:59:59,3827.53
2023-12-06 22:48:05,4608.22
2024-04-06 05:34:39,3714.63
2023-10-26 20:35:14,3222.95
2024-09-28 18:53:32,2675.39
2023-03-27 22:54:59,774.96
2023-11-12 02:05:39,1093.76
2023-07-02 00:19:03,1466.19
2022-12-07 13:26:20,4812.65
2023-07-07 15:40:31,1976.61
2023-11-12 11:45:53,3161.79
2023-05-26 23:34:44,1150.99
2023-11-04 04:40:31,785.72
2023-12-17 16:47:14,1545.25
2024-09-05 07:36:07,954.35
2023-04-01 20:12:19,3472.39
2023-08-26 10:56:18,3205.16
2024-04-21 00:15:15,3822.99
2023-02-16 16:56:38,28.87
2023-02-19 01:18:11,332.29
2023-01-25 20:43:07,2557.32
2024-09-25 01:52:19,2259.07
2023-04-06 13:18:48,1234.89
2022-12-22 23:55:16,3862.35
2023-10-29 04:12:27,3675.07
2024-08-27 09:27:47,3571.08
2023-10-10 08:38:28,4901.12
2024-06-01 13:40:41,3744.16
2024-07-21 08:54:05,2675.37
2024-06-08 03:57:10,998.85
2024-06-18 14:09:21,569.83
2024-06-04 05:40:32,3740.45
2024-01-25 14:42:28,4695.92
2024-10-20 22:30:34,2685.77
2023-08-08 13:17:40,604.87
2023-07-16 00:11:50,1888.3
2023-02-08 18:50:43,2958.95
2024-06-27 02:26:45,3652.54
2023-01-14 18:44:15,3872.52
2024-07-01 23:13:42,2545.32
2024-02-29 01:15:43,4870.4
2023-03-29 13:01:33,645.13
2023-11-03 13:36:08,419.82
2024-01-10 03:36:05,685.06
2023-07-21 14:53:20,1649.13
2023-05-04 21:07:45,937.01
2024-03-22 00:45:23,3121.05
2023-09-29 12:36:38,2455.29
2023-06-06 11:37:54,3120.93
2023-10-21 20:41:41,4796.01
2024-03-03 05:33:43,4460.67
2023-04-05 15:14:12,3432.25
2024-08-18 06:08:17,2911.92
2024-01-23 17:29:01,1490.8
2024-09-06 13:10:21,3694.13
2024-08-02 23:30:57,28.17
2024-09-10 01:10:51,4245.57
2024-10-28 04:17:10,683.61
2023-03-08 13:58:52,4323.86
2023-05-03 19:39:24,4457.31
2023-06-29 18:42:48,511.59
2023-11-22 20:17:53,4712.3
2024-10-08 15:00:46,3949.32
2024-07-14 16:33:36,1269.9
2024-08-04 23:13:53,4244.78
2024-05-15 13:43:03,1133.99
2024-08-30 06:30:22,1705.63
2023-02-19 13:38:25,3225.05
2024-01-10 00:46:32,3652.95
2024-08-06 21:09:51,2181.99
2024-07-25 20:09:26,3965.2
2024-09-09 15:28:30,1889.55
2024-03-06 19:02:34,1055.31
2023-04-01 21:28:47,303.42
2023-07-05 22:51:31,769.83
2023-08-08 15:30:46,1415.58
2023-04-17 09:28:03,3426.4
2024-09-21 12:29:54,3553.08
2022-12-12 01:20:04,2048.83
2023-10-28 22:46:27,408.26
2023-08-01 04:35:06,232.99
2024-03-24 13:59:36,1409.54
2023-03-27 05:10:58,2931.62
2023-04-13 17:59:39,3130.21
2023-08-14 06:36:45,1308.88
2023-09-22 11:55:22,2035.82
2024-04-19 09:17:04,4464.54
2023-01-01 14:02:23,4433.81
2024-07-26 07:39:19,748.15
2023-07-16 17:08:14,956.34
2023-09-12 05:15:42,2818.55
2023-11-24 20:16:31,4967.94
2023-05-09 21:24:58,2518.3
2024-03-27 17:02:32,4110.9
2023-05-08 13:35:03,2721.93
2024-03-18 15:02:14,3222.37
2024-07-07 18:06:03,181.05
2022-12-08 19:20:47,4666.24
2023-07-07 16:55:10,2430.58
2023-10-19 00:38:39,4070.62
2024-10-06 17:42:18,4766.98
2023-11-26 16:08:31,406.53
2023-07-15 17:13:02,2688.39
2023-03-26 20:10:16,4748.59
2023-08-18 05:09:19,2635.41
2023-08-24 21:49:37,227.29
2024-02-15 22:28:02,2610.24
2023-02-27 23:47:35,1333.94
2024-06-05 18:49:39,3718.12
2023-08-10 03:58:39,2419.27
2024-05-04 07:34:10,4872.31
2023-09-02 18:49:52,3383.34
2023-01-27 05:39:00,2741.62
2024-10-11 17:21:01,3642.61
2023-07-04 06:48:16,2459.71
2023-09-01 05:09:08,1828.57
2023-06-05 19:23:34,1236.87
2023-09-03 07:22:49,2567.8
2023-11-01 22:35:15,2602.71
2024-10-10 05:38:40,1658.68
2023-02-18 03:46:10,4741.4
2023-11-28 19:37:51,2127.49
2024-05-12 14:29:12,3240.67
2024-03-31 12:21:09,3444.32
2022-12-04 10:40:50,4694.86
2023-08-28 16:28:11,1478.45
2023-10-25 04:53:04,2657.03
2023-10-30 08:55:25,2364.66
2024-02-27 01:17:44,4543.08
2023-03-11 09:23:45,498.71
2023-03-07 08:15:53,2527.11
2024-07-12 21:19:43,41.83
2023-02-10 19:05:10,4047.64
2024-07-28 14:03:55,2138.07
2023-08-11 02:29:39,872.32
2023-10-14 22:42:00,3875.59
2024-07-27 00:07:57,3350.79
2023-09-22 12:05:18,2295.5
2024-02-25 16:12:23,3994.76
2024-04-20 16:55:53,1318.73
2023-12-07 00:32:22,493.6
2024-10-17 21:04:27,4896.17
2023-12-26 03:57:11,431.85
2024-11-05 01:04:14,3712.0
2022-12-14 05:42:10,3737.39
2024-03-26 20:20:04,2536.39
2023-05-08 11:14:32,3880.78
2024-07-18 19:03:09,1779.66
2023-06-22 03:57:13,1048.14
2024-07-16 04:31:43,2878.01
2024-08-14 16:29:16,1661.63
2024-11-22 16:41:29,2541.29
2023-01-29 15:22:09,2475.27
2023-05-30 13:53:15,4463.72
2023-01-29 05:22:55,4516.59
2022-12-26 04:06:45,1150.36
2024-08-25 06:04:23,3367.19
2024-05-17 03:03:37,3452.88
2023-05-21 09:33:40,747.08
2024-06-26 17:27:05,4531.44
2024-06-17 07:51:42,3533.97
2024-03-05 05:06:55,1253.93
2023-10-18 19:40:58,2947.44
2023-08-08 03:38:06,1542.74
2024-09-07 20:38:30,1577.72
2024-02-20 09:21:53,968.27
2023-07-26 08:00:36,4122.63
2024-03-02 02:04:28,2233.72
2023-05-22 03:59:59,3974.04
2024-06-24 09:14:50,837.57
2023-09-23 21:22:40,1599.52
2023-12-08 13:59:21,1441.03
2023-01-14 02:55:36,306.62
2023-06-14 00:53:56,4014.34
2023-12-30 08:43:33,4033.97
2023-08-28 05:10:17,374.08
2024-07-20 15:41:59,224.52
2024-08-11 14:51:38,3297.1
2024-02-01 16:16:21,4642.74
2024-02-02 04:10:47,2307.06
2024-03-30 02:02:39,686.16
2023-05-19 04:05:12,1852.77
2023-07-29 03:30:53,3388.22
2024-04-25 03:51:35,3283.94
2023-01-21 13:16:52,2696.2
2024-05-29 07:27:56,2660.62
2023-03-24 17:52:49,4196.85
2024-01-28 09:51:17,3551.57
2023-09-26 06:37:51,1079.01
2024-10-12 03:40:19,2769.11
2023-10-22 15:59:48,1782.71
2024-06-23 08:41:52,1299.86
2023-11-11 13:57:55,3796.17
2024-05-01 19:00:50,128.06
2024-08-01 04:23:00,75.39
2024-07-01 05:06:45,4090.93
2023-12-26 07:44:58,2447.3
2024-03-30 23:07:25,3785.6
2023-10-26 12:50:01,3095.52
2023-04-27 14:15:28,404.54
2024-06-13 16:56:23,3747.64
2022-12-02 20:04:20,3066.47
2024-02-28 01:14:50,375.51
2023-02-03 07:38:13,4707.54
2023-04-30 21:13:44,3653.71
2024-10-11 16:55:38,3830.93
2024-09-27 18:26:35,3017.41
2023-12-28 02:47:05,2169.77
2024-08-23 01:40:19,1694.38
2023-07-06 01:18:51,3765.21
2024-08-05 05:29:44,4644.59
2024-01-29 03:57:08,1622.82
2024-05-18 18:47:00,21.18
2024-05-08 12:09:06,2861.32
2024-10-21 05:30:31,1156.92
2024-06-12 00:27:44,1859.45
2023-04-07 18:19:02,200.99
2024-05-12 09:10:04,550.91
2024-03-25 04:26:30,3347.08
2024-11-23 15:20:40,178.33
2023-07-23 14:16:02,584.89
2022-12-02 22:27:45,4191.8
2024-09-22 10:44:41,3391.38
2024-03-21 15:40:01,2953.06
2024-11-05 08:36:38,928.88
2023-08-04 04:08:57,4009.29
2023-05-04 00:15:31,4891.23
2022-12-14 02:43:47,448.51
2023-03-27 18:21:41,2835.69
2023-05-03 13:35:27,3600.49
2024-10-29 21:42:11,1107.17
2023-01-30 13:34:28,1454.02
2024-02-02 19:30:22,3723.82
2024-01-23 17:16:53,4173.13
2023-11-29 01:42:47,595.43
2023-12-17 20:35:38,447.56
2023-12-03 09:23:31,3325.99
2023-10-08 02:30:14,4740.83
2024-06-09 06:21:18,1061.05
2024-08-20 22:45:25,235.5
2024-11-18 13:10:52,1473.27
2024-07-10 00:50:16,3021.53
2024-05-06 09:21:28,1567.95
2023-10-04 08:43:16,2843.68
2024-10-03 01:23:41,1574.88
2023-03-05 12:28:30,2204.0
2024-04-26 02:00:08,1415.81
2023-09-10 05:46:56,2657.84
2023-06-05 07:01:24,1168.23
2024-08-30 12:31:25,4040.13
2024-11-14 01:58:35,3969.5
2023-05-26 21:32:17,2195.96
2024-06-15 15:08:47,3901.36
2023-09-27 08:10:47,796.37
2024-03-05 16:48:50,3796.5
2024-05-04 00:01:27,3761.94
2023-07-14 04:11:23,4810.19
2024-11-24 14:43:09,2196.56
2023-08-15 08:27:30,3510.22
2023-09-12 11:35:52,581.02
2023-01-12 10:14:09,4503.6
2024-07-25 13:59:02,3800.04
2023-11-26 04:09:37,4812.09
2022-12-11 07:44:03,3953.77
2024-07-18 02:25:43,1362.79
2023-12-16 11:11:21,3018.47
2024-10-14 05:57:30,126.47
2023-11-30 04:04:48,3794.46
2024-01-23 05:01:02,3328.93
2024-09-18 22:08:33,2362.68
2024-05-07 22:34:40,1135.03
2024-07-04 15:57:45,4932.35
2023-07-28 20:02:01,407.16
2023-02-17 18:48:49,1225.02
2023-05-06 08:24:56,4997.9
2023-10-05 03:11:31,1416.79
2023-08-30 06:49:56,4619.93
2024-08-19 19:34:25,1058.34
2022-12-17 16:14:38,1301.67
2024-05-22 07:17:02,1792.29
2024-01-30 17:37:26,1151.52
2024-09-10 06:47:03,3601.39
2023-11-11 05:44:25,4370.96
2022-12-31 03:44:57,4685.99
2023-01-05 01:08:25,1005.44
2024-11-19 19:29:47,998.7
2023-06-14 15:24:04,1235.69
2024-06-08 04:35:35,1324.26
2024-09-07 03:49:39,843.97
2022-12-09 14:44:30,2635.0
2023-03-08 09:06:06,1317.22
2023-11-23 18:50:52,332.78
2024-05-30 00:01:00,4066.88
2023-10-20 05:39:06,2502.6
2024-05-11 09:16:42,1527.86
2024-07-28 20:28:42,628.94
2024-07-17 19:24:07,4844.82
2023-07-17 21:49:00,3855.71
2023-08-01 21:17:53,3676.84
2024-07-30 14:02:42,583.62
2024-01-27 21:43:21,1942.88
2024-04-18 19:05:18,1818.63
2023-09-08 15:40:02,1336.25
2022-12-17 00:34:46,637.24
2024-02-22 07:33:04,173.38
2023-04-18 07:34:57,2973.06
2024-03-02 20:29:19,519.66
2024-02-24 22:19:31,1165.05
2023-02-11 05:46:04,262.24
2024-08-13 17:45:14,2184.51
2024-06-26 17:47:14,2621.26
2024-02-10 16:09:53,145.43
2024-01-02 07:04:08,1134.45
2023-05-20 21:28:19,1403.6
2024-05-28 15:19:32,3395.59
2024-08-13 14:39:21,557.42
2023-12-24 20:22:50,4903.09
2023-08-28 22:55:23,3508.18
2022-11-29 04:06:30,973.78
2023-04-23 08:26:45,610.65
2024-03-25 17:32:46,1373.7
2023-01-11 02:34:45,2963.69
2023-02-09 22:28:00,4096.58
2023-12-04 08:47:22,3896.46
2024-07-22 10:43:48,3104.68
2024-05-24 23:01:30,1949.3
2023-10-17 14:59:20,3206.08
2023-07-21 09:57:48,4587.75
2023-04-19 07:05:12,1774.33
2024-09-19 21:01:42,3792.85
2023-12-19 08:48:31,3421.0
2022-12-13 10:38:06,3212.58
2024-04-06 13:28:42,1630.34
2023-04-24 09:27:16,577.93
2024-08-15 19:18:38,2212.8
2024-09-19 20:31:42,2571.72
2023-09-04 06:20:45,4332.76
2024-08-30 13:44:34,3580.65
2023-11-14 12:44:23,4116.03
2024-06-18 15:45:13,1626.74
2024-10-06 07:52:11,638.93
2023-05-31 00:42:17,4039.28
2023-10-17 19:12:35,4514.11
2023-08-27 07:21:39,2512.15
2024-09-17 18:59:08,3771.34
2023-10-18 18:23:08,3385.98
2024-10-24 09:41:01,3974.85
2023-10-13 06:24:47,498.81
2024-06-21 15:59:56,1003.81
2023-04-29 04:46:48,170.47
2023-12-08 09:05:25,4102.05
2024-06-08 00:12:37,1811.98
2023-07-19 16:50:42,1933.62
2023-11-08 17:32:20,3037.13
2024-10-24 08:43:01,202.34
2023-01-19 02:52:23,4784.73
2023-11-05 16:10:19,2793.7
2023-04-09 20:28:16,4381.09
2024-01-25 20:44:21,4273.05
2023-02-18 08:54:58,2848.94
2024-05-06 10:01:08,3391.01
2023-03-22 00:06:05,1171.47
2022-12-13 09:57:48,4586.91
2023-11-15 09:39:47,4795.82
2024-06-01 10:04:06,2012.6
2023-08-17 14:47:57,3474.99
2024-11-06 15:07:33,248.73
2023-10-27 04:06:06,630.81
2023-08-15 17:00:07,2467.41
2024-01-10 19:40:34,109.13
2023-08-07 06:13:33,1461.77
2023-11-28 06:53:33,3582.96
2023-06-15 04:33:59,2820.69
2023-06-06 21:31:50,1265.16
2023-02-17 07:41:02,2038.52
2023-07-25 17:11:46,2325.17
2024-01-09 01:40:45,1969.99
2024-04-07 00:10:04,3935.04
2023-08-25 03:38:19,1171.87
2024-08-29 03:47:13,1578.64
2023-05-01 14:42:24,2995.66
2024-07-08 11:10:52,1014.93
2022-12-18 18:17:07,744.42
2023-10-26 22:33:33,88.68
2023-05-11 12:59:36,25.9
2024-01-28 21:08:06,4213.47
2023-05-09 10:25:54,4790.05
2024-04-11 07:17:53,275.73
2024-06-07 04:32:44,3699.45
2024-09-04 05:23:18,3106.63
2024-09-03 05:30:37,2165.6
2023-10-24 10:37:11,572.48
2023-12-19 05:49:56,986.28
2024-11-02 21:31:58,3032.12
2023-06-07 13:58:46,454.67
2023-01-17 01:14:27,2907.24
2024-09-13 13:05:13,185.08
2023-08-18 05:36:24,3508.73
2023-09-29 07:47:09,447.82
2023-04-01 10:14:25,2586.99
2023-07-13 00:36:09,4550.1
2024-04-07 09:50:03,1102.61
2023-01-14 07:47:02,2804.17
2023-08-28 14:12:28,4728.28
2024-02-14 06:04:57,66.87
2023-05-23 01:55:13,3612.18
2023-06-20 21:59:10,2044.67
2023-12-08 14:34:35,3685.83
2023-12-31 04:48:47,2273.7
2024-11-19 16:31:32,2268.94
2024-07-30 08:32:58,2593.44
2023-10-10 01:14:47,4088.69
2023-11-14 17:09:03,3384.57
2023-04-07 09:43:09,4367.14
2023-05-04 21:45:36,3600.99
2023-03-02 01:22:41,1669.6
2023-03-26 05:03:48,4100.84
2024-11-06 21:52:44,35.04
2024-07-16 12:37:02,2139.15
2024-06-29 09:11:42,636.19
2024-06-19 21:10:23,458.25
2023-07-03 06:39:59,4521.61
2024-10-05 04:47:59,2896.46
2024-01-22 20:26:06,2885.03
2023-06-18 12:50:18,2060.16
2024-01-24 03:07:55,958.98
2024-02-16 06:16:34,4342.43
2024-06-02 21:13:48,4233.93
2024-05-21 18:44:15,4669.25
2024-03-10 08:22:04,3747.25
2023-01-28 00:05:59,1342.86
2023-08-23 20:25:58,2365.91
2023-01-12 06:26:35,1286.19
2024-09-16 22:11:08,4593.35
2024-08-07 12:54:53,855.45
2023-05-30 22:59:29,1940.66
2024-05-13 11:31:11,993.0
2023-09-07 10:33:23,2656.79
2024-10-10 09:17:33,2334.84
2023-10-25 13:40:01,1345.22
2024-06-08 05:32:34,2457.54
2023-06-06 19:05:39,4436.39
2023-03-03 13:33:16,2201.14
2024-06-20 17:09:07,2277.43
2024-07-05 03:38:13,3913.7
2023-07-29 23:52:17,900.51
2023-10-25 15:32:06,688.83
2023-09-19 06:40:24,4458.45
2024-05-19 14:34:53,4101.72
2024-07-19 16:38:15,259.88
2023-03-30 05:10:47,1619.97
2024-06-22 13:19:36,779.05
2023-12-31 21:21:37,607.77
2024-09-02 03:09:27,1202.91
2024-07-19 16:45:17,2557.74
2024-11-16 17:09:54,87.4
2024-07-03 07:08:49,2933.95
2023-07-21 05:24:24,3600.27
2023-04-24 03:42:41,1635.64
2023-07-11 11:38:47,1843.65
2023-05-01 22:15:35,2858.0
2023-03-31 03:27:20,3956.82
2023-05-10 20:29:32,1846.83
2023-12-05 09:48:38,4576.85
2023-03-09 02:52:04,613.02
2024-08-13 14:08:16,558.72
2024-06-17 19:08:10,277.49
2023-01-29 13:36:30,1739.41
2024-02-28 12:25:52,3377.0
2024-07-21 11:50:00,3715.09
2024-05-24 08:48:31,3266.38
2023-03-17 15:50:25,2367.15
2024-06-17 04:47:24,4127.69
2023-07-04 05:05:53,2178.07
2024-06-30 06:29:39,4165.8
2024-09-02 11:54:42,746.64
2024-07-29 21:22:52,3795.69
2024-09-05 20:40:21,1033.79
2023-12-15 16:08:16,447.25
2024-04-29 22:59:37,745.7
2024-11-14 21:22:59,4104.26
2024-01-18 07:09:47,2663.24
2024-04-27 02:24:27,4677.92
2023-04-27 19:29:56,267.01
2024-01-20 21:35:37,1038.3
2023-07-20 22:16:39,878.45
2024-06-02 15:44:28,328.37
2023-08-07 12:32:59,839.95
2023-01-10 03:56:20,3109.5
2024-08-02 11:38:24,3428.94
2024-09-23 19:13:52,2414.57
2023-10-02 19:50:47,2034.07
2023-10-30 14:53:36,2375.7
2024-05-23 14:09:04,1298.72
2023-10-14 13:09:36,1272.66
2023-10-14 16:28:30,2749.97
2024-01-23 06:27:04,4266.36
2024-01-26 13:02:48,404.25
2022-12-19 08:05:42,3984.06
2023-05-11 21:12:33,1986.95
2023-07-02 06:12:20,4162.16
2024-01-17 00:57:23,2374.55
2023-08-06 21:56:42,2097.42
2024-10-01 04:46:34,2879.7
2024-03-16 20:43:54,4841.8
2023-08-15 07:07:19,1319.72
2023-02-04 18:37:31,923.41
2024-07-02 02:00:42,956.04
2024-07-07 06:33:50,2630.98
2023-11-13 15:52:34,4845.92
2023-12-19 15:01:35,3929.74
2023-12-18 22:46:36,4716.92
2023-04-18 21:11:27,70.79
2023-08-01 19:30:47,1387.49
2024-08-07 00:53:29,2854.14
2024-11-07 06:11:35,2772.39
2023-02-02 16:55:58,2386.25
2024-04-13 19:11:49,2103.5
2023-04-24 07:15:28,4940.23
2024-08-02 13:48:12,3354.39
2024-03-09 20:15:00,845.96
2023-11-13 02:04:44,3215.01
2024-08-30 18:51:31,4227.74
2023-10-29 10:34:04,494.72
2024-09-15 16:43:47,4709.22
2023-03-01 18:26:37,4581.73
2024-11-09 15:37:05,213.55
2024-04-25 10:09:58,4419.6
2024-06-14 20:06:57,1528.83
2022-12-31 09:57:28,1819.99
2023-12-10 08:34:19,4663.34
2024-01-08 13:53:25,4474.53
2023-09-17 05:30:48,2946.94
2024-06-30 03:22:16,1390.18
2023-03-17 10:05:41,326.58
2024-02-10 01:13:48,3724.99
2023-01-29 05:36:57,3328.65
2023-02-02 22:58:43,4532.24
2022-11-29 23:29:29,2339.28
2023-07-02 12:33:21,4060.79
2023-09-12 05:24:56,3198.89
2023-12-26 05:04:27,3459.49
2023-09-23 21:51:17,724.63
2024-11-25 10:58:35,464.57
2024-03-09 10:11:12,1325.54
2022-12-21 07:07:23,1229.47
2024-08-21 03:40:12,2732.89
2023-12-14 01:38:31,3160.4
2023-05-12 11:27:13,1219.78
2024-04-05 21:27:18,3987.02
2024-07-31 01:41:54,3110.13
2023-02-12 05:03:52,2893.05
2024-01-31 18:11:24,1416.0
2024-07-11 03:42:08,3484.39
2023-05-19 09:35:29,4225.2
2023-07-28 09:34:37,1121.38
2024-04-13 00:06:19,2650.01
2024-08-09 09:47:25,558.94
2024-04-19 14:51:37,510.11
2024-11-25 09:02:57,3963.4
2024-10-17 10:44:31,747.23
2024-07-20 18:34:44,907.37
2022-12-07 21:32:01,1176.2
2023-08-12 11:23:12,3220.05
2023-10-07 23:10:04,307.72
2024-05-13 10:21:33,369.38
2023-01-07 03:15:27,1942.02
2023-11-09 22:26:04,3266.73
2023-06-30 16:59:39,4502.81
2023-08-13 03:56:32,1563.48
2023-04-19 12:25:42,1557.03
2024-06-10 05:16:16,3308.06
2024-10-01 07:10:59,273.62
2023-05-19 23:42:24,3712.77
2023-11-14 12:49:17,4761.66
2024-11-23 07:50:28,4345.7
2024-09-10 14:49:18,1858.14
2023-04-27 05:52:55,2851.57
2023-06-27 03:59:31,3930.84
2023-09-27 03:16:27,225.82
2024-06-05 10:11:46,3533.93
2023-12-12 17:07:38,613.18
2023-05-10 12:26:38,3905.28
2023-12-11 01:00:37,3620.98
2023-06-21 22:05:24,2734.08
2023-10-17 02:10:26,1655.08
2023-06-23 15:12:19,3958.0
2024-10-23 18:46:18,2744.43
2024-06-04 19:14:00,517.13
2023-04-13 23:03:07,2021.06
2024-06-27 20:48:58,604.41
2024-06-14 20:51:31,3125.09
2024-07-24 09:01:42,4451.22
2023-01-20 20:34:23,1316.01
2023-12-06 19:54:10,3464.03
2024-07-29 18:52:07,3027.32
2023-10-21 11:07:53,4320.62
2024-05-28 00:39:49,3387.15
2024-04-13 18:57:42,3972.08
2024-11-03 12:37:42,4976.17
2024-08-07 02:09:07,2235.89
2023-06-12 05:28:50,922.33
2024-06-09 17:07:57,3438.75
2023-08-08 13:13:25,1364.09
2024-05-10 07:21:54,1062.21
2023-08-24 08:21:20,3012.43
2024-07-08 21:08:59,3867.08
2023-12-08 15:07:04,1597.75
2023-03-13 15:47:48,209.39
2023-11-15 16:54:26,517.56
2023-08-12 05:26:15,3928.93
2023-01-14 10:58:55,2316.52
2024-07-09 07:55:04,68.57
2023-04-23 22:16:10,1464.59
2024-11-07 23:21:26,3306.27
2024-10-01 03:51:26,2951.0
2024-08-13 14:52:34,1611.55
2023-12-04 01:18:53,3234.7
2023-09-19 11:30:14,4497.23
2023-07-29 03:31:56,1908.11
2023-11-27 03:22:04,3037.08
2022-12-02 01:14:46,47.02
2023-05-31 01:19:13,4382.57
2024-01-16 08:04:59,2945.91
2024-02-25 06:30:55,642.16
2023-11-29 05:03:29,4181.15
2023-12-27 14:24:03,514.97
2023-06-30 07:35:07,3276.14
2023-04-02 18:31:47,4995.16
2024-01-12 23:56:45,4765.47
2023-02-08 16:32:12,2328.24
2024-01-11 08:40:46,3271.09
2024-09-13 00:47:56,434.2
2023-10-16 10:32:01,4945.1
2024-05-25 00:44:39,457.51
2024-05-11 07:05:22,2146.92
2024-01-21 04:20:02,3844.26
2024-10-25 14:01:45,922.2
2023-12-12 17:44:44,1246.52
2023-07-13 01:52:55,303.16
2023-07-24 05:25:12,3855.5
2023-04-10 00:35:41,1920.33
2023-11-26 20:54:19,1434.58
2024-02-03 01:41:07,3659.2
2024-06-30 23:10:47,3295.85
2023-12-01 20:21:35,4962.52
2024-11-11 02:30:24,4265.97
2024-01-29 00:30:40,4244.79
2023-03-10 09:32:34,3872.98
2024-04-13 07:39:48,2166.18
2023-09-10 23:47:25,299.99
2024-07-05 19:06:18,268.6
2023-09-15 18:06:24,437.8
2023-10-21 09:43:23,570.77
2023-09-18 21:27:29,3793.02
2024-05-03 05:51:28,1778.29
2024-09-10 19:18:07,1814.0
2024-07-01 06:18:54,4374.06
2023-07-19 09:16:37,1460.38
2024-04-15 01:51:11,1663.74
2023-03-08 04:45:50,3508.75
2023-02-21 09:32:31,988.75
2024-02-12 09:43:12,1400.26
2022-12-30 03:44:55,3070.23
2023-10-05 05:13:56,3045.16
2024-07-10 22:10:48,4614.49
2023-10-18 06:16:59,4654.07
2024-03-06 10:19:45,2548.58
2024-07-26 14:09:20,1185.83
2023-08-02 04:55:35,1274.34
2023-05-09 14:26:41,4405.64
2023-01-24 14:30:39,1033.75
2023-11-11 01:14:22,349.48
2024-02-06 19:56:02,3981.47
2024-03-02 13:15:48,1472.82
2024-11-02 19:38:56,4811.93
2023-04-15 21:38:21,3395.0
2023-02-18 16:55:15,2889.88
2024-09-30 13:11:18,3919.73
2024-07-31 06:27:05,3734.99
2024-06-16 11:37:25,3423.75
2024-09-14 11:03:36,4520.5
2022-12-30 00:13:51,4549.6
2022-12-24 03:59:30,2600.4
2023-02-22 19:47:50,1012.74
2023-07-09 22:12:29,754.82
2024-11-15 05:51:25,2352.98
2024-07-17 09:20:50,2047.72
2023-12-23 00:32:17,915.63
2023-07-18 04:45:49,3822.71
2024-04-03 14:24:58,3178.37
2024-06-16 01:52:56,4567.28
2023-04-17 01:37:35,3598.33
2023-07-10 03:02:20,506.3
2024-04-23 00:20:35,4665.82
2023-11-07 05:53:28,1087.41
2023-07-13 06:17:15,796.38
2024-03-17 10:47:45,1666.13
2023-03-26 04:34:08,2229.15
2024-06-09 10:17:36,2234.32
2022-11-30 20:40:06,1745.9
2024-09-16 05:17:36,3135.74
2023-11-03 05:33:41,3960.23
2023-01-25 14:32:08,4386.85
2024-01-17 18:01:41,2845.41
2023-01-21 03:31:45,1231.76
2023-02-27 16:24:01,3529.03
2023-03-11 17:47:53,183.53
2024-10-07 21:00:26,3223.89
2023-05-09 14:51:47,3552.77
2022-12-10 21:43:19,4184.82
2024-02-29 10:16:07,3500.02
2024-01-06 03:22:01,2233.54
2024-04-08 10:27:37,3867.4
2023-11-01 20:25:19,3625.39
2024-06-12 22:37:38,2421.66
2023-03-14 23:38:50,762.73
2023-03-26 20:01:32,740.75
2024-04-16 21:38:25,3371.42
2024-05-05 16:35:36,1152.28
2023-01-28 18:29:56,1951.6
2023-12-08 06:49:41,264.03
2023-07-05 09:25:16,4965.66
2023-03-25 08:36:48,4016.92
2024-06-02 09:34:42,4884.52
2023-06-26 06:09:46,24.04
2024-02-04 21:53:39,3887.34
2023-05-18 04:38:16,2468.32
2023-01-19 09:31:02,1332.59
2024-01-16 19:44:01,1716.51
2024-07-04 11:56:14,3608.72
2023-10-24 15:39:32,2081.16
2023-02-01 15:29:01,3948.57
2024-06-07 09:25:19,3509.23
2023-02-17 09:06:08,887.63
2023-03-27 01:04:03,908.52
2024-04-24 16:48:24,378.85
2023-01-14 05:09:53,825.68
2023-01-21 20:12:06,3006.68
2024-04-18 07:43:07,4740.79
2023-09-06 13:29:31,1684.24
2023-10-09 17:57:04,3074.5
2024-06-07 05:25:53,4875.92
2024-06-07 05:37:37,3157.15
2022-12-23 04:54:19,2186.97
2023-02-19 00:35:35,2723.17
2023-04-20 05:28:30,2436.73
2024-05-26 13:31:10,2382.22
2023-05-31 18:11:20,4883.61
2023-08-04 18:16:38,4547.91
2024-05-28 06:06:51,3809.51
2023-09-05 16:54:50,1429.0
2024-07-18 04:12:31,2257.58
2024-11-07 14:00:43,1544.4
2023-06-30 16:58:59,4663.83
2024-03-07 12:23:47,3487.45
2024-05-23 02:47:26,2929.23
2023-12-08 15:01:05,2987.56
2023-06-05 07:34:47,1974.43
2024-04-26 04:53:34,1060.88
2023-06-08 03:55:04,596.52
2023-07-04 01:15:47,4084.53
2023-10-02 17:34:28,3392.57
2023-12-22 14:12:12,2607.95
2024-05-09 13:17:23,2021.32
2024-03-16 02:25:36,3574.37
2023-06-10 23:57:10,516.93
2024-02-04 08:24:46,2005.63
2022-12-04 18:26:52,627.3
2024-04-17 01:25:59,357.15
2023-06-28 22:02:17,1557.06
2023-06-18 15:08:02,2561.77
2023-04-26 16:54:41,490.29
2024-05-12 14:26:36,1594.23
2023-03-18 19:41:38,3107.75
2023-02-22 23:59:25,4448.43
2024-05-13 15:33:08,3097.51
2024-07-15 14:50:29,3021.49
2024-02-21 00:48:54,184.36
2023-04-04 00:55:17,1489.9
2024-07-21 02:06:17,2368.02
2023-05-12 13:24:56,2102.82
2023-07-20 11:55:59,446.92
2024-06-08 05:44:30,2649.73
2023-07-28 13:24:14,3317.83
2022-12-19 12:46:16,2213.55
2023-11-17 21:46:07,441.81
2024-10-09 08:40:26,2450.85
2023-09-03 21:32:33,1188.11
2023-01-22 09:50:22,3848.83
2023-12-10 09:17:34,2087.01
2023-09-22 09:40:04,4621.22
2024-11-06 17:37:26,2817.81
2024-08-30 02:52:45,4622.13
2023-11-04 17:27:04,1100.48
2023-07-27 17:26:11,278.5
2024-04-30 13:18:06,2588.37
2023-03-01 15:28:39,2502.73
2023-12-25 21:50:50,2795.43
2023-05-20 18:53:51,683.68
2024-04-21 11:31:12,3378.44
2024-05-10 06:56:28,2846.55
2023-08-12 17:51:45,3450.52
2023-08-11 11:32:13,2638.57
2024-06-26 21:00:14,3184.73
2023-01-16 12:03:25,733.11
2023-01-11 18:48:30,1824.67
2024-05-21 04:19:16,4419.95
2024-05-29 10:55:17,2426.56
2024-04-27 04:00:00,494.71
2023-12-27 17:44:52,4606.74
2023-05-11 17:13:40,2551.72
2024-08-03 00:04:03,4298.83
2024-01-20 09:42:28,611.3
2024-02-21 02:05:34,1967.71
2024-01-20 19:41:48,340.37
2024-04-24 21:56:45,1050.16
2023-04-11 14:23:26,3964.71
2024-02-13 18:47:05,2330.1
2024-11-05 14:18:35,3610.21
2024-04-30 13:41:29,666.74
2023-06-04 13:31:16,4851.62
2024-11-21 00:24:40,1720.39
2024-08-19 23:23:11,2278.58
2024-10-27 23:58:19,1676.87
2024-10-16 12:19:33,4368.67
2023-09-24 16:32:58,1727.59
2024-09-22 22:38:30,2516.86
2023-02-09 19:37:18,808.13
2023-06-01 02:27:18,1162.44
2023-10-27 17:03:10,1914.84
2023-09-27 20:25:32,1202.1
2023-01-14 04:30:50,3343.84
2023-07-13 09:26:07,4540.9
2023-05-16 07:41:41,4283.82
2023-06-19 09:31:04,2499.24
2023-05-07 15:51:53,2532.18
2024-10-07 13:31:12,2724.04
2023-06-06 00:38:51,3232.24
2023-01-15 14:25:07,4934.38
2023-03-05 11:09:46,2374.13
2024-10-24 05:22:06,991.18
2023-04-22 13:50:38,2095.86
2024-03-19 02:58:25,817.68
2024-03-09 16:08:47,2210.95
2024-07-09 12:51:36,4092.3
2024-03-22 20:42:53,3326.64
2024-02-29 09:04:57,514.1
2024-09-09 10:15:00,3601.19
2023-03-21 23:05:19,4787.9
2023-03-29 08:05:14,1553.58
2024-02-21 23:06:56,745.2
2024-04-09 01:46:05,996.97
2024-01-28 04:29:09,4890.7
2024-06-11 13:38:13,3031.95
2024-07-09 16:58:07,3274.52
2024-08-24 07:07:23,3826.77
2023-09-01 07:02:14,3395.1
2024-05-10 20:08:29,2389.54
2023-03-18 16:00:54,1806.01
2024-03-23 03:37:16,4576.37
2024-05-26 18:52:47,3172.45
2024-01-31 03:59:22,909.5
2023-04-14 21:06:18,4852.07
2024-06-17 16:49:19,763.3
2024-01-24 02:54:16,3501.95
2024-04-09 02:28:36,1616.59
2023-12-14 20:17:22,3174.18
2023-06-27 20:22:17,2204.92
2023-07-15 00:18:39,221.01
2023-06-03 15:30:24,4808.84
2024-05-08 18:19:33,3126.86
2024-11-21 22:01:07,2607.55
2024-10-09 13:23:05,1011.98
2024-04-05 04:34:10,2767.3
2023-03-30 09:41:09,329.94
2023-10-08 11:08:07,4425.14
2023-01-10 09:14:09,3475.05
2024-10-16 00:10:22,661.75
2024-06-12 00:43:13,3676.51
2023-03-12 20:01:03,3692.8
2024-06-02 03:42:10,4377.23
2024-02-04 09:21:23,1510.66
2023-04-20 04:40:44,984.23
2024-01-01 08:32:40,3539.48
2023-12-04 09:48:37,3779.84
2023-05-20 08:01:00,1332.77
2024-08-11 00:08:26,4841.02
2023-12-08 11:34:08,341.5
2024-07-23 21:44:51,2374.44
2023-02-14 06:08:50,2043.07
2023-03-14 01:05:16,4366.82
2023-04-19 17:35:26,625.24
2023-05-17 07:25:23,4987.91
2023-09-14 22:03:30,4603.11
2024-05-28 19:51:14,242.34
2024-07-23 01:39:57,1048.69
2024-03-03 17:49:07,796.53
2023-08-18 03:21:49,3957.44
2024-05-29 10:37:42,4957.27
2023-08-10 05:47:45,171.25
2023-05-14 23:58:48,2339.34
2023-09-09 23:44:18,4290.44
2023-05-05 23:22:28,4947.01
2023-01-20 14:52:01,3583.58
2024-11-03 16:26:17,463.19
2023-09-04 22:15:08,3064.8
2023-06-28 23:13:58,2724.84
2024-02-05 18:10:14,4663.55
2024-09-14 21:33:13,2307.9
2024-06-17 13:14:51,1570.92
2023-07-02 00:46:41,986.85
2024-11-06 14:36:31,3972.74
2024-04-08 17:57:11,450.41
2023-09-24 10:19:51,4241.11
2024-02-03 21:01:17,4389.12
2023-08-16 03:42:26,3215.44
2024-01-23 08:23:14,937.14
2022-12-26 00:47:40,4455.12
2023-11-19 12:06:19,1676.01
2023-02-14 08:59:32,909.34
2023-08-19 19:20:20,2911.14
2024-03-23 13:22:34,437.97
2023-05-19 23:48:52,860.09
2022-12-23 16:39:53,490.52
2024-06-19 06:44:05,719.83
2023-08-31 02:06:08,4334.1
2023-01-22 14:14:31,242.52
2023-04-25 18:36:54,928.94
2023-10-17 17:08:06,50.57
2024-11-22 23:16:06,4058.74
2023-03-08 17:06:19,1412.68
2023-05-31 01:59:37,1752.6
2023-11-10 10:08:11,4564.55
2024-06-06 09:41:21,3381.2
2024-03-12 03:38:13,1498.11
2023-10-01 01:43:24,1452.82
2023-08-21 18:02:08,475.7
2024-08-13 07:13:55,409.97
2023-09-23 01:02:24,992.02
2024-11-23 14:39:16,430.89
2024-02-09 02:32:36,2165.87
2024-11-17 07:21:38,3842.65
2023-02-27 19:33:54,1835.68
2024-08-28 08:52:48,1575.14
2023-06-24 19:16:57,1744.59
2023-04-12 13:08:11,4676.03
2023-05-12 08:09:03,4392.12
2022-12-05 02:10:58,3391.55
2023-04-12 01:29:55,1499.61
2024-05-11 00:13:02,3569.64
2023-08-06 02:56:13,1765.86
2023-10-01 19:40:44,319.89
2023-07-20 20:15:37,4533.88
2024-06-01 20:45:55,3863.85
2024-03-06 20:20:43,1368.61
2023-01-22 02:06:17,593.99
2023-09-21 16:47:53,2982.73
2024-06-13 15:28:42,3225.6
2024-06-12 23:28:03,2472.6
2023-09-28 21:45:11,4733.13
2023-12-14 13:35:37,4125.55
2024-07-14 09:29:34,1689.45
2023-08-23 04:45:40,2592.5
2024-10-29 22:37:24,3658.63
2024-10-15 04:46:06,1363.22
2024-06-08 02:41:21,1172.46
2024-09-22 12:30:24,2515.35
2024-05-17 08:13:31,2228.67
2023-06-15 04:58:22,2980.61
2024-01-02 19:05:39,4673.87
2023-10-13 01:29:14,3781.8
2024-05-22 04:04:53,2316.68
2022-12-27 06:25:19,3899.53
2023-12-22 11:57:29,3513.3
2024-11-20 14:56:41,3744.99
2023-07-03 08:46:05,4983.77
2024-09-01 23:43:12,4624.39
2023-09-16 04:31:15,1664.89
2024-08-06 05:32:19,1681.2
2023-12-26 08:45:57,4102.68
2024-09-02 00:25:19,4868.01
2024-03-25 07:41:19,231.58
2023-04-23 08:55:54,4278.37
2024-06-15 20:09:41,1406.19
2024-08-14 14:13:50,2782.03
2024-09-15 09:39:44,3312.8
2022-11-29 01:09:59,3563.45
2023-07-20 17:13:11,339.68
2023-12-16 13:45:00,513.15
2024-08-24 10:52:46,1059.23
2024-04-02 20:51:07,3486.38
2023-07-09 20:16:09,4368.17
2023-10-18 01:21:49,4565.11
2023-06-14 17:41:10,22.5
2024-09-13 05:58:41,1507.15
2023-05-01 16:01:53,4792.93
2023-12-17 15:02:38,3344.0
2024-07-15 03:21:11,24.05
2024-10-11 07:34:15,794.42
2022-12-16 22:20:27,2193.58
2023-08-13 00:25:04,2310.39
2022-12-25 18:16:57,4546.59
2024-09-03 15:07:00,4882.27
2023-10-30 06:13:28,244.93
2024-11-06 09:08:17,1405.4
2023-08-12 02:19:45,4942.38
2023-05-03 11:00:16,4654.36
2023-07-02 08:26:29,4140.13
2023-07-05 01:41:42,3087.64
2023-11-11 00:03:30,4019.08
2024-01-12 13:25:46,1836.37
2023-06-30 15:59:48,3218.7
2024-02-01 19:19:33,2466.73
2023-09-17 12:08:25,643.01
2024-04-17 13:18:35,2656.46
2023-02-08 15:10:21,4084.77
2023-01-16 11:55:47,4693.35
2022-12-07 14:02:24,1146.65
2023-08-12 04:24:56,4357.36
2023-04-17 19:46:54,320.11
2023-01-23 02:19:13,4801.73
2023-05-28 13:22:18,3106.05
2023-10-15 23:07:39,4005.67
2024-09-04 16:19:48,4977.84
2023-06-30 07:18:18,411.12
2023-03-19 03:40:23,4919.15
2023-03-11 15:49:51,4160.64
2024-08-18 09:20:31,3498.83
2024-10-17 21:30:18,4279.84
2023-07-01 05:19:11,3468.2
2023-04-08 14:42:35,3504.49
2023-10-18 03:33:47,4550.96
2024-06-08 04:18:57,1385.38
2023-07-10 01:31:28,154.4
2023-11-15 08:04:11,871.87
2024-09-07 00:48:25,440.54
2023-10-31 02:16:51,4896.68
2023-07-26 03:21:31,2708.66
2023-02-01 11:25:05,1309.38
2022-12-03 05:02:26,3139.41
2023-07-22 06:00:38,3377.36
2023-09-03 02:53:04,1719.02
2024-09-04 20:41:33,3062.03
2024-05-20 03:04:03,2740.58
2024-11-18 16:14:39,467.91
2024-11-02 21:06:08,1846.69
2023-12-01 14:08:00,642.29
2023-03-04 21:54:41,1972.26
2024-03-13 10:08:36,4803.75
2023-04-06 11:05:03,4070.77
2024-06-06 15:35:28,4993.51
2023-01-18 07:32:25,4492.32
2024-03-22 06:09:13,3977.79
2023-01-08 18:31:10,113.11
2023-10-30 02:39:35,2479.5
2023-09-16 12:22:11,3928.32
2024-07-16 05:37:21,1834.75
2024-11-26 04:59:09,3034.94
2024-07-02 16:38:41,3839.87
2024-03-08 09:17:17,2287.51
2023-07-09 03:23:12,880.74
2024-01-12 21:46:59,507.67
2023-04-20 01:22:11,797.36
2023-06-24 15:42:01,3563.74
2023-09-03 05:17:19,2476.42
2023-02-05 09:02:25,2592.96
2024-01-01 10:08:40,3111.56
2023-04-03 17:44:44,1974.04
2024-02-12 06:07:48,952.44
2023-02-14 03:02:37,3088.15
2023-11-24 06:41:48,3789.89
2023-05-05 18:20:30,1158.68
2024-01-08 19:19:56,4800.92
2023-02-12 03:09:48,3787.48
2023-10-10 08:58:40,4622.31
2023-08-25 15:33:38,3237.49
2023-05-11 06:38:16,4868.01
2023-10-14 22:44:35,4559.18
2024-03-29 18:47:53,352.65
2023-06-30 01:08:37,4296.89
2024-06-17 12:59:30,3676.76
2023-02-10 14:35:18,1682.02
2023-04-21 13:13:32,4216.14
2023-06-17 04:47:41,4708.99
2024-11-19 08:13:29,309.4
2024-10-14 20:40:33,2953.77
2024-11-10 23:49:56,1725.05
2023-02-17 02:11:42,3201.75
2024-08-16 20:16:29,1468.15
2023-05-07 13:01:18,2162.79
2023-09-27 02:35:22,1502.62
2024-11-01 06:27:45,1512.2
2024-03-03 11:19:46,3122.25
2023-06-19 04:36:50,3258.58
2024-03-20 16:03:19,1001.48
2024-09-06 14:00:36,4990.67
2024-03-30 04:10:11,94.05
2024-04-18 03:49:35,3166.27
2023-03-07 03:07:47,3346.37
2024-04-25 21:34:09,436.44
2023-08-04 02:35:25,4345.77
2024-07-18 09:48:16,4426.56
2024-03-16 02:51:04,4898.53
2023-08-18 18:50:59,2370.0
2023-03-16 17:20:52,4257.36
2023-01-27 16:48:15,878.22
2024-05-18 00:01:41,2725.56
2024-01-13 16:32:16,1607.54
2023-07-17 06:26:39,2334.35
2024-04-27 17:49:53,853.11
2023-04-15 23:22:58,694.3
2024-09-18 10:53:37,317.24
2023-07-16 20:35:14,469.99
2024-03-29 03:57:00,4053.67
2023-03-25 00:39:20,1114.28
2024-08-29 22:20:54,1535.95
2024-11-10 21:57:07,2741.86
2024-06-07 17:08:49,4750.57
2023-08-10 19:13:24,2416.99
2024-11-25 14:02:39,3004.27
2024-07-09 23:49:51,4982.7
2024-01-12 20:03:11,703.37
2023-10-16 03:48:32,1885.05
2023-10-27 11:44:57,1684.68
2023-10-18 17:24:05,4455.51
2024-11-26 06:19:19,2897.99
2022-12-05 16:24:37,1020.86
2023-06-27 16:57:36,1880.64
2023-11-28 05:17:28,911.58
2024-09-08 05:38:27,2216.49
2023-03-21 12:59:43,2643.54
2023-07-09 20:04:53,4937.59
2024-11-11 02:05:20,3598.88
2024-08-16 16:42:58,2671.74
2024-05-04 14:37:11,3818.4
2023-02-12 14:34:23,1824.71
2024-05-07 10:22:16,4865.67
2024-01-14 03:20:45,185.51
2024-09-25 19:33:08,1665.22
2023-09-24 02:52:56,4677.45
2023-01-10 13:37:06,1305.93
2024-05-11 15:53:40,281.82
2023-02-18 09:21:56,1421.6
2024-02-27 05:10:12,4322.82
2023-01-24 13:04:37,2910.94
2023-08-23 04:35:40,3217.96
2023-05-17 18:44:21,3591.22
2022-12-24 13:38:03,4105.71
2024-02-09 15:53:32,3950.03
2023-06-05 00:26:17,3259.43
2023-06-25 10:37:52,72.44
2024-03-23 18:21:49,4490.64
2023-03-31 11:16:50,1876.57
2023-04-15 16:53:07,2281.19
2023-08-14 02:31:04,3438.46
2024-07-05 13:46:03,1501.05
2023-06-21 10:47:52,1961.05
2024-04-26 11:43:52,993.12
2023-03-16 18:30:20,3670.05
2023-10-14 07:12:39,4922.78
2023-09-23 11:27:20,1317.05
2024-07-22 05:39:48,2281.7
2023-08-05 20:55:23,2264.71
2023-05-03 03:02:57,1084.09
2024-02-25 22:53:33,3897.72
2023-08-20 11:57:45,1820.39
2023-08-12 23:22:09,359.28
2023-10-22 17:34:50,4651.6
2023-02-17 07:30:16,3451.23
2023-03-22 23:59:11,1658.57
2023-08-24 03:58:40,2388.63
2023-05-05 21:52:10,3947.15
2023-03-26 09:22:46,1872.03
2024-09-09 10:18:01,2721.55
2024-10-09 06:17:58,3640.62
2023-12-24 13:41:50,3548.72
2024-11-11 19:29:20,2611.7
2024-11-02 02:57:38,3072.37
2024-11-25 15:27:40,2336.33
2024-03-23 19:32:26,1395.28
2024-10-29 23:57:29,2542.94
2022-12-18 09:21:43,2521.86
2024-04-18 02:17:18,4434.53
2024-07-28 09:38:56,1361.03
2024-08-23 09:16:23,4201.58
2024-09-08 02:52:44,4871.5
2023-11-23 04:19:33,4643.98
2023-10-14 23:24:19,2776.71
2024-08-29 20:59:13,3495.72
2024-04-26 04:58:13,2022.12
2024-06-18 21:49:59,1470.86
2024-08-07 08:43:34,382.62
2023-04-20 15:42:00,194.58
2023-03-31 11:26:57,551.15
2024-07-28 09:13:07,4595.13
2024-04-04 11:58:41,1349.8
2024-06-06 20:42:13,982.87
2024-11-26 07:30:27,4382.86
2024-03-08 17:41:01,4100.82
2023-09-19 17:56:48,3428.16
2024-10-11 21:28:01,785.41
2023-04-09 09:47:02,2862.86
2023-06-07 12:07:43,2945.63
2023-10-29 22:59:34,1871.7
2024-11-09 17:18:57,3199.34
2023-04-13 09:55:02,3902.79
2024-11-26 13:55:46,1841.52
2023-05-14 21:17:06,4996.75
2023-03-19 17:53:42,2367.27
2023-02-08 09:18:24,842.47
2024-03-04 10:58:59,1225.07
2024-10-13 19:47:42,4937.88
2024-07-04 06:32:47,1024.22
2024-07-10 09:31:09,1015.65
2023-05-03 11:26:32,987.64
2023-11-10 17:02:01,4665.84
2024-01-20 03:47:55,2237.58
2024-08-15 17:11:10,3424.84
2023-09-05 09:34:28,437.54
2023-10-22 08:36:51,144.57
2024-11-05 18:12:21,4106.09
2023-12-20 22:09:59,4290.65
2024-03-23 07:36:52,84.34
2023-06-30 03:06:44,1211.77
2023-08-17 03:30:57,3242.15
2024-06-25 11:46:27,445.59
2024-04-03 20:57:55,4131.07
2023-11-06 07:56:02,2035.48
2023-01-17 00:04:38,4919.27
2023-05-09 04:49:08,3953.69
2024-02-14 14:39:52,4851.27
2023-04-11 03:44:38,3854.09
2024-11-04 11:48:47,4776.22
2023-12-22 16:27:54,3305.32
2023-06-10 03:43:43,3654.24
2023-10-16 04:29:17,422.23
2024-01-01 06:26:23,4438.17
2023-06-16 17:31:01,981.13
2024-10-22 06:01:08,123.15
2023-03-08 21:13:37,573.36
2023-09-05 15:08:44,930.31
2023-12-05 19:14:46,1886.16
2023-06-23 14:30:35,3238.29
2024-09-03 10:53:07,4662.39
2024-08-10 09:16:39,2330.91
2023-10-24 20:19:46,4127.44
2024-11-20 02:40:35,364.9
2024-09-16 09:54:09,4414.74
2024-09-15 08:52:22,521.23
2023-09-14 05:36:25,3919.61
2024-02-18 14:29:33,3484.97
2024-06-25 04:37:47,3245.39
2023-10-15 19:32:23,3644.21
2023-09-29 02:03:39,1743.34
2024-04-19 17:25:10,2516.43
2023-04-18 03:22:19,3148.41
2023-10-10 03:16:31,2914.12
2024-06-01 12:51:21,4311.18
2024-02-22 12:01:54,2067.78
2023-12-24 17:47:52,2382.38
2023-12-23 08:12:07,1595.41
2023-01-21 20:15:57,3470.37
2023-01-16 12:58:52,4253.91
2023-01-21 11:06:28,1298.85
2023-09-27 07:23:39,1085.5
2022-12-01 09:46:32,2196.54
2024-02-17 09:51:57,252.8
2023-07-19 14:44:39,4276.52
2023-02-05 19:03:31,721.91
2023-06-24 00:34:38,439.92
2024-10-09 01:51:28,289.77
2023-05-08 02:10:00,3037.91
2023-11-16 02:23:22,3403.49
2024-10-28 16:50:47,1040.02
2023-12-21 04:58:34,4360.64
2023-07-06 05:40:29,1823.11
2022-12-30 12:44:25,668.58
2024-03-17 04:11:23,4391.18
2023-03-25 04:15:54,4546.87
2024-05-13 14:10:35,2504.36
2023-03-31 19:16:05,4546.76
2024-06-08 05:12:12,198.04
2024-06-01 23:27:10,105.61
2024-01-16 03:37:41,4818.11
2024-06-26 14:51:40,4274.95
2024-09-03 03:35:23,3361.59
2024-02-09 02:22:15,631.21
2022-12-15 15:01:10,1101.25
2024-02-06 13:25:21,2495.64
2024-09-24 09:16:23,3707.49
2022-12-05 22:18:17,1894.51
2024-02-23 13:49:36,3658.05
2023-01-23 15:34:16,996.97
2023-01-31 06:32:29,2022.05
2024-10-02 12:23:42,2140.55
2024-01-31 20:23:09,2109.99
2023-02-28 04:21:38,3107.23
2023-01-22 16:47:15,4168.33
2024-03-31 04:55:44,4281.79
2024-10-22 17:12:14,4774.89
2023-02-02 07:51:39,152.41
2023-10-29 05:34:20,1670.27
2023-04-07 12:29:07,1792.97
2024-05-29 21:26:08,3537.87
2024-06-10 03:36:19,1197.3
2024-05-19 19:26:29,4768.6
2023-03-20 18:38:22,163.28
2023-04-03 03:38:45,4679.44
2023-10-25 10:26:11,729.13
2023-05-28 14:46:42,3230.53
2023-01-22 22:56:22,273.85
2023-08-24 19:16:18,1849.43
2023-07-01 10:08:47,4635.29
2024-07-20 22:57:06,4045.04
2024-02-20 07:17:39,1942.72
2023-10-23 20:11:06,4436.44
2023-04-29 00:58:07,4487.55
2024-08-26 15:33:11,1038.34
2023-03-22 11:22:57,239.57
2022-12-02 00:04:35,3720.92
2024-02-01 01:08:18,630.06
2024-02-22 06:07:51,2600.16
2024-10-12 20:28:12,3178.52
2024-07-28 13:56:13,1779.19
2023-12-03 16:39:15,4515.04
2024-07-26 21:37:58,1263.22
2022-12-01 21:05:41,4654.35
2023-07-30 02:18:48,729.3
2023-03-21 19:36:50,1285.76
2023-09-08 13:47:36,2935.44
2024-10-14 15:21:54,4203.51
2024-01-18 23:22:12,2665.72
2024-02-15 23:02:53,3966.0
2023-02-02 20:33:10,3175.88
2024-03-12 00:48:01,4931.43
2024-09-21 12:53:00,1202.19
2024-03-06 15:54:41,2329.82
2024-07-15 19:26:18,2213.26
2024-09-05 03:18:18,1105.27
2023-02-16 22:21:37,592.13
2024-06-28 17:19:51,292.35
2024-01-31 19:01:46,3718.28
2024-06-30 08:14:58,1172.25
2023-11-03 11:24:22,2871.97
2022-11-29 08:59:49,2042.93
2024-11-10 01:51:39,833.89
2023-06-14 15:25:43,2897.16
2023-02-11 22:05:25,1563.14
2024-03-24 22:52:37,4987.13
2023-11-09 11:02:32,2959.23
2023-06-19 11:24:15,4849.33
2023-12-10 00:24:53,1951.91
2024-09-25 02:19:47,3092.85
2024-10-25 15:08:11,1056.64
2024-01-22 14:05:55,1236.99
2023-11-07 16:45:16,3194.61
2024-05-16 13:55:50,2015.93
2023-08-07 01:53:09,3263.82
2023-09-26 14:36:55,3089.05
2023-01-11 12:41:33,2296.71
2024-07-23 15:11:11,2689.41
2023-08-12 00:41:48,2480.94
2023-04-23 11:04:49,2775.96
2023-09-24 19:19:50,3463.59
2024-08-10 15:10:39,4889.66
2023-12-26 05:52:27,4034.52
2023-11-27 10:42:08,2147.52
2023-12-28 01:02:35,4184.25
2023-07-30 11:38:55,2913.04
2023-04-26 09:30:07,3901.61
2024-05-30 02:28:11,608.58
2023-10-08 08:03:34,3662.32
2024-08-19 23:01:13,54.25
2023-07-23 10:44:43,4604.65
2023-11-21 19:08:32,3346.91
2023-04-15 01:17:22,462.17
2023-02-21 04:09:33,2822.59
2023-03-03 11:47:26,3845.0
2023-03-08 01:02:40,3793.85
2023-12-12 19:47:53,1522.75
2023-03-30 13:59:44,3093.1
2024-08-07 10:46:42,1526.22
2024-08-26 19:15:07,1870.6
2024-06-09 17:24:54,361.3
2024-10-20 18:01:54,1986.92
2023-04-13 06:16:30,3251.27
2023-01-30 05:43:31,2921.46
2024-08-24 08:19:04,2807.72
2023-04-08 03:46:46,3178.81
2023-02-13 11:02:03,4303.23
2024-09-14 19:01:25,3604.85
2024-09-21 12:19:29,979.88
2024-06-13 19:03:15,4631.53
2024-07-09 14:37:11,869.54
2024-02-08 02:02:27,1196.53
2023-01-25 23:45:56,4727.84
2022-12-13 17:13:51,1805.06
2023-07-06 01:29:27,3195.76
2024-02-24 02:28:35,300.51
2023-12-30 22:53:20,2868.14
2024-06-09 18:11:30,2277.6
2024-11-21 07:07:11,424.86
2023-03-31 02:19:58,3287.03
2024-09-27 04:54:58,4818.11
2024-05-19 00:34:10,3930.57
2023-01-16 08:07:20,2604.71
2022-12-11 13:06:48,2677.1
2024-01-10 22:57:13,2370.25
2023-05-15 16:41:43,4222.0
2024-10-04 22:57:31,1699.44
2023-04-10 16:05:18,2700.46
2023-07-13 21:12:48,685.94
2023-10-17 01:20:17,71.08
2024-07-31 02:17:52,854.39
2024-06-15 17:56:16,59.1
2023-02-05 16:04:26,4344.47
2024-02-03 23:33:29,1037.79
2023-11-06 00:51:14,4837.55
2023-02-16 16:16:37,3751.96
2023-06-07 03:43:11,2804.25
2024-11-25 18:09:44,4398.66
2024-01-20 17:04:02,4908.09
2024-04-03 20:18:06,622.54
2023-05-13 03:59:30,1146.06
2023-02-14 20:27:42,3954.59
2024-05-24 08:04:30,1086.12
2024-11-07 08:56:24,2224.79
2023-08-07 09:29:43,2323.88
2023-01-18 22:50:20,4752.62
2023-03-25 21:09:55,1226.63
2023-09-01 02:06:01,2599.14
2024-10-19 01:48:37,3488.13
2023-07-01 17:43:35,1927.54
2023-10-18 23:13:22,449.9
2023-04-22 17:40:22,3627.45
2024-03-22 19:56:01,3354.03
2023-12-17 09:23:52,3085.93
2023-04-01 11:06:16,1828.99
2024-09-18 16:44:59,1249.72
2024-09-01 08:26:04,1554.53
2023-10-22 06:42:25,1104.19
2023-09-15 02:49:57,236.15
2023-02-23 08:32:09,26.79
2023-05-30 18:27:06,833.76
2023-01-09 14:28:14,4484.38
2024-08-26 01:36:44,3140.81
2023-07-25 14:09:43,470.92
2023-05-02 03:28:36,2171.42
2024-11-01 13:31:01,2561.06
2023-08-28 13:42:50,528.13
2024-07-29 02:28:28,387.71
2023-07-27 21:28:59,4669.92
2024-01-10 22:49:55,2343.65
2024-09-22 18:51:51,2453.53
2024-02-03 14:56:28,3046.49
2024-10-21 03:33:53,3995.93
2022-12-18 15:44:59,3323.99
2023-09-22 17:26:49,2602.32
2023-12-25 09:30:41,792.42
2022-12-21 06:55:24,3007.19
2023-01-09 02:40:26,4095.74
2024-03-02 04:10:14,4236.91
2024-05-09 09:57:21,3400.27
2023-07-18 15:35:25,588.48
2024-09-01 22:08:40,1742.03
2024-07-02 17:15:05,485.96
2023-09-12 10:48:18,1336.73
2024-05-02 04:38:30,2252.12
2024-06-03 11:01:07,1382.18
2024-03-24 11:58:45,4160.26
2024-02-22 03:49:12,1989.8
2023-08-09 21:41:25,3128.05
2023-09-22 20:12:02,1049.21
2024-10-11 04:43:43,129.51
2023-05-03 07:27:13,3859.08
2024-07-31 18:03:36,660.1
2023-07-08 06:42:57,1570.36
2022-12-15 17:32:06,814.02
2024-11-16 16:23:56,3806.79
2022-12-21 14:57:55,3490.61
2024-03-11 07:06:23,2112.28
2024-02-17 14:39:46,347.56
2022-12-22 05:12:03,399.95
2024-05-14 18:16:30,1652.9
2023-09-22 08:33:46,2271.2
2024-07-22 04:21:38,2679.17
2023-05-27 22:35:05,4841.48
2024-01-06 09:20:26,4196.23
2024-11-12 16:22:04,1386.04
2024-10-16 15:38:07,2858.66
2023-03-21 13:53:43,4106.23
2023-11-10 19:22:27,1791.47
2023-03-03 23:12:33,2108.54
2024-05-19 15:07:42,3713.28
2024-08-07 07:56:31,1911.18
2023-02-28 07:00:58,1724.66
2023-12-10 02:30:09,2332.1
2024-10-23 11:23:03,112.89
2023-05-25 08:10:05,600.06
2024-02-19 06:02:30,3794.14
2023-07-16 06:55:44,4255.99
2024-05-01 20:14:53,2629.8
2022-12-20 23:06:45,1408.43
2024-09-09 22:50:07,2516.58
2024-01-20 04:58:02,2543.69
2023-08-21 03:34:53,4434.77
2024-04-28 22:31:16,2819.66
2024-02-29 15:33:23,4978.1
2024-06-04 23:46:42,4435.18
2024-07-16 10:02:45,2984.62
2024-02-12 18:23:49,2917.16
2023-11-21 19:16:50,2469.43
2023-11-26 18:18:36,429.43
2023-06-12 05:14:32,2570.03
2023-11-18 14:05:28,3306.33
2024-04-26 02:49:10,1720.52
2023-07-24 01:26:52,4291.78
2023-09-14 09:54:14,1602.17
2023-11-24 02:48:36,4689.81
2023-07-20 04:53:33,954.18
2024-05-06 23:50:55,4558.93
2024-05-15 03:52:58,4350.42
2024-05-21 17:53:06,3721.81
2023-11-17 11:26:29,1964.92
2023-01-20 14:17:46,181.14
2023-10-11 15:54:01,3422.23
2024-08-12 00:16:52,1618.94
2022-11-29 13:17:23,4791.62
2022-11-29 14:18:57,2457.23
2024-05-16 03:11:05,3786.03
2024-07-30 11:43:01,4265.03
2023-08-28 09:00:25,4202.88
2023-05-18 17:48:03,3008.82
2023-11-25 03:56:55,3505.47
2024-03-20 05:25:20,338.53
2023-08-17 10:39:15,1457.33
2022-12-09 23:31:06,1247.5
2023-11-16 12:36:14,3068.44
2024-06-07 04:52:49,622.84
2023-02-17 05:56:26,2165.95
2022-12-14 12:17:07,4490.53
2023-01-03 20:29:29,2156.1
2024-01-30 23:17:47,4869.25
2024-04-07 16:16:43,4338.02
2023-09-03 18:14:58,2785.08
2023-05-13 20:10:53,658.1
2023-02-20 03:31:39,2260.05
2024-05-09 22:29:52,21.3
2024-03-27 14:16:27,1413.48
2023-05-04 21:15:15,3856.09
2023-03-17 05:13:51,2810.99
2024-02-27 02:25:08,1226.81
2023-12-25 07:35:59,3795.73
2024-10-05 14:58:05,2005.02
2024-07-08 06:02:35,2251.53
2024-03-16 13:25:48,4262.33
2023-12-17 07:40:59,2417.54
2023-07-11 10:21:57,2154.02
2024-06-05 19:44:03,1655.53
2023-12-17 06:25:25,3948.43
2024-06-22 13:10:05,787.75
2024-01-10 12:33:47,2420.82
2023-02-25 07:13:14,2898.75
2024-09-07 06:59:34,2033.41
2023-12-22 05:12:57,2459.18
2024-06-01 17:57:30,3762.49
2023-04-20 15:07:20,4532.9
2024-06-15 02:22:09,497.59
2023-10-06 09:39:11,2553.05
2024-02-26 21:50:32,1296.2
2024-09-01 18:01:16,1085.74
2024-09-04 21:18:59,4606.65
2024-01-03 16:16:27,3111.67
2023-01-13 17:08:40,698.86
2023-08-30 11:21:01,1306.71
2023-04-30 07:41:46,3187.53
2024-07-17 22:32:39,3096.33
2023-10-31 21:48:34,3030.87
2023-03-30 06:21:52,3833.7
2023-10-13 22:09:13,799.68
2024-06-13 12:10:42,3048.39
2024-05-31 21:15:51,1954.13
2024-07-23 00:23:27,354.25
2022-12-11 12:29:14,4714.86
2022-12-15 04:38:44,3635.85
2024-01-11 07:42:52,2880.86
2024-05-16 05:06:38,4080.7
2022-12-14 17:34:51,4930.76
2024-05-04 11:59:11,3924.74
2024-11-16 00:35:31,4119.15
2023-03-24 10:51:47,1214.49
2023-02-18 10:20:03,3396.79
2024-05-16 05:47:30,3820.19
2024-03-09 23:55:12,2174.4
2024-02-10 00:18:31,3779.44
2024-10-27 18:58:48,1224.47
2024-11-20 09:05:03,4199.06
2022-12-04 23:14:22,3809.14
2023-03-28 02:50:06,4322.1
2024-04-11 21:37:35,2386.77
2024-03-20 13:44:40,1426.56
2024-03-25 21:25:54,2092.4
2023-02-16 07:46:20,2546.29
2023-11-10 00:00:21,1784.61
2024-01-30 12:09:52,2424.52
2024-08-11 02:25:53,2812.05
2023-03-29 02:27:29,4492.51
2023-02-11 08:53:50,2494.75
2024-05-14 23:54:40,1229.87
2024-05-07 10:26:39,1899.92
2023-04-19 14:05:02,4424.64
2024-09-06 12:17:45,3501.56
2024-07-04 11:11:20,1637.35
2024-07-11 21:36:28,398.3
2024-06-26 22:13:58,4023.58
2024-04-10 20:58:00,1954.79
2024-10-20 21:10:04,1994.12
2024-01-12 04:21:36,1412.32
2024-06-18 07:52:23,3701.08
2024-01-14 21:08:14,3362.59
2023-07-26 05:40:00,2893.99
2024-05-30 21:15:39,577.51
2024-11-13 04:08:51,2792.96
2024-01-14 04:44:44,2500.07
2022-12-31 08:07:43,4575.53
2023-04-25 10:13:03,4691.39
2024-03-01 17:17:48,2132.54
2023-11-19 04:28:20,2412.03
2023-02-23 22:30:31,2015.74
2024-01-03 16:09:30,3512.0
2024-08-07 19:58:04,3359.99
2024-03-18 17:17:32,1812.4
2023-06-02 22:37:30,1841.87
2023-04-08 20:48:49,3208.55
2023-12-14 04:10:35,4339.32
2023-04-20 05:26:18,2813.0
2023-01-21 02:26:02,4952.75
2023-01-05 15:34:31,1847.12
2024-10-13 13:56:42,3388.33
2024-05-14 16:08:53,623.42
2024-10-26 08:26:27,3097.45
2024-08-01 02:34:51,1908.03
2023-12-05 22:58:29,3141.06
2024-08-27 03:27:02,3994.53
2024-04-25 03:42:35,1973.12
2023-03-18 00:01:19,3267.28
2024-11-08 08:38:28,1265.2
2024-03-27 15:11:31,297.4
2024-05-30 10:40:34,2281.89
2023-05-17 18:59:33,4335.05
2023-12-12 05:50:16,740.27
2024-07-29 16:30:33,2281.26
2024-02-27 11:24:52,733.87
2024-09-09 23:46:42,4603.01
2023-07-03 12:36:39,2650.86
2024-02-14 18:27:08,4337.42
2024-05-15 02:09:18,1212.13
2024-02-10 22:47:58,1461.26
2024-10-06 16:42:19,4511.72
2024-10-28 18:54:30,1240.94
2024-04-30 09:44:31,4351.68
2023-06-27 10:34:05,1221.12
2023-11-03 15:17:36,875.76
2023-01-13 17:43:27,1445.6
2024-02-12 09:15:00,233.9
2024-07-03 14:33:37,3425.7
2024-02-18 21:10:35,1523.22
2023-11-12 16:46:18,2172.71
2023-06-27 23:09:08,3076.36
2023-08-31 22:10:01,4826.34
2023-03-25 09:51:50,1330.25
2024-10-11 06:41:39,2860.62
2023-09-19 19:40:57,3675.97
2023-12-26 13:23:42,1881.23
2024-10-14 00:57:20,1006.62
2024-11-06 10:26:55,2984.78
2023-09-26 15:25:01,320.42
2024-05-12 01:06:08,1519.1
2023-11-20 09:47:07,678.13
2023-06-05 20:55:14,2022.53
2024-06-02 22:45:08,4210.14
2024-11-17 20:12:33,995.99
2023-06-12 08:23:45,735.01
2023-03-03 00:53:29,3497.01
2024-07-20 05:53:12,3508.19
2024-04-03 21:29:25,1480.26
2023-10-22 01:02:51,3662.39
2023-10-16 20:09:40,960.46
2023-11-10 07:02:55,1651.2
2023-04-04 10:29:01,3887.97
2024-02-27 21:04:58,1400.32
2023-12-14 20:40:15,1791.54
2023-08-21 02:17:35,1317.71
2022-12-17 23:42:59,3690.5
2024-09-20 19:36:34,1881.84
2023-07-31 07:30:27,3762.05
2023-08-18 21:00:04,3089.92
2024-05-02 17:17:27,3660.87
2023-10-08 20:39:14,4198.28
2023-02-23 16:06:37,636.08
2024-08-14 03:03:51,2814.5
2023-02-04 14:49:36,1918.36
2023-05-25 21:47:46,418.91
2024-08-28 12:02:39,1788.6
2024-11-23 06:17:39,913.68
2023-02-21 03:50:28,3456.23
2023-02-28 16:55:29,731.73
2024-06-09 04:27:04,1139.19
2022-12-02 21:47:11,2927.4
2023-06-06 03:00:09,4928.63
2023-06-11 13:37:58,2007.1
2023-04-15 20:52:22,2050.51
2024-10-31 16:47:00,1590.44
2024-02-08 08:10:03,4833.55
2024-05-22 06:01:04,2111.08
2022-12-16 18:24:39,66.09
2023-06-04 19:46:08,4690.9
2024-04-20 14:57:08,1585.49
2024-01-01 01:17:34,871.51
2023-12-02 20:04:28,166.2
2023-11-01 15:27:13,1033.77
2024-02-04 07:59:38,1461.31
2023-09-26 09:33:47,4230.76
2023-07-19 01:09:55,900.88
2023-06-23 04:45:40,478.92
2023-05-03 23:13:11,1441.27
2024-09-19 16:36:32,4819.58
2023-08-12 04:03:57,3455.9
2023-09-23 00:35:21,2424.96
2024-01-31 02:08:20,75.53
2023-08-15 05:00:21,3170.26
2023-10-28 10:22:02,558.79
2024-03-19 08:57:12,4813.13
2023-02-01 14:19:51,4253.04
2024-07-21 10:42:51,1461.08
2023-07-10 16:48:03,2784.96
2023-06-13 11:08:12,3947.67
2023-10-16 09:00:42,1325.63
2024-08-05 10:20:17,77.65
2023-06-06 19:17:50,154.17
2023-09-25 23:11:49,899.82
2024-02-13 06:42:17,93.25
2023-04-10 07:02:55,20.76
2023-01-02 06:17:23,3928.74
2023-08-20 02:27:54,568.34
2024-06-28 08:22:53,4235.71
2023-12-02 19:49:20,2549.98
2023-08-21 14:38:42,1612.03
2023-10-09 19:00:21,4786.72
